data_content_id,filename,multi_step_id,block_index,rex_type,question_content,detailed_solution,Answer_A,Answer_B,Answer_C,Answer_D,Answer_E,Answer_F,Feedback_A,Feedback_B,Feedback_C,Feedback_D,Feedback_E,Feedback_F,correct_answer,background,nickname,TEKS,machine_readable_teks
be3cb8b6-1154-48ab-964b-eb8609c9aee0__block0,be3cb8b6-1154-48ab-964b-eb8609c9aee0.html,AR_1,0,open_ended,"<br/><p>June has dimes and quarters in her purse. The number of dimes is seven less than four times the number of quarters. Let \( q \) represent the number of quarters. Write an expression for the number of dimes.</p><br/><p>Write down your answer, then select the <strong>solution</strong> button to compare your work.</p>","
<p>Compare your answer:</p>
<p>Here is how to translate this into an algebraic expression: <br/>
</p>
<p><strong>Step 1 - </strong> Write a phrase about the number of dimes.</p>
<p>seven less than four times the number of quarters</p>
<p><strong>Step 2 - </strong> Substitute \( q \)  for the number of quarters.</p>
<p>7 less than 4 times \( q \)</p>
<p><strong>Step 3 - </strong> Translate \(4\) times \( q \).</p>
<p>7 less than \( 4q \)</p>
<p><strong>Step 4 - </strong> Translate the phrase into algebra. </p>
<p>\( 4q − 7 \)</p>
",,,,,,,,,,,,,,<p>Translate the following into an algebraic expression: </p>,Alg1_1_1_2_AR_1,A1.2.C,15afa70a-a5cd-512d-9586-6fb3aaa71e0c
3cb2188a-ad96-410f-a4c8-43c2e4a04a38,d81cda25-c5fa-4d8e-8c2f-6043b2b8edff.html,AR_2,0,open_ended,"<br/><ol class=""os-raise-noindent"" start=""1"">
<li>\( 17 ≤ 26 \)<br>
</br></li>
</ol><br/><p>Enter your answer here:</p>","<p>Compare your answer:</p>
<p>17 is less than or equal to 26</p>",,,,,,,,,,,,,,"<br/><p>One way to represent a <span class=""os-raise-ib-tooltip"" data-schema-version=""1.0"" data-store=""glossary-tooltip"">constraint</span> is to use an inequality symbol. For example, you may decide that at most 3 toppings should be on each pizza. This could be represented by t &lt; 3, if \(t\) represents the number of toppings. <br/>
  On the number line, the numbers get larger as they go from left to right. The number line can be used to explain the symbols “\( &lt; \)” and “\( &gt; \).”</p><p>\( a &lt; b \) is read “\( a \) is less than \( b \).”  \( a \) is to the left of \( b \) on the number line. <img alt=""No Alt Text"" data-media-type=""image/jpeg"" src=""https://k12.openstax.org/contents/raise/resources/8564b2c4dcdb8fb0cd11c3f6d9d9c093ea4bde22""/></p><p> \( a &gt; b \) is read “\( a \) is greater than \( b \).”  \( a \) is to the right of \( b \) on the number line.<img alt=""No Alt Text"" data-media-type=""image/jpeg"" src=""https://k12.openstax.org/contents/raise/resources/91008c89e93d49d5c5739cc75af6a6d9a14bbf87""/></p><p> The expressions \( a &lt; b \) or \( a &gt; b \) can be read from left to right or right to left, though in English we usually read from left to right. </p><ul>
<li>For example, \(7 &lt; 11\) is equivalent to \(11 &gt; 7\).</li>
</ul><ul>
<li> For example, \(17 &gt; 4\) is equivalent to \(4 &lt; 17\).<br/>
</li>
</ul><br/><table class=""os-raise-midsizetable"">
<thead>
<tr>
<th scope=""col""> Inequality Symbols </th>
<th scope=""col""> Words </th>
</tr>
</thead>
<tbody>
<tr>
<td> \( a ≠ b \)<br/></td>
<td> \(a\) is not equal to \(b\)</td>
</tr>
<tr>
<td> \(a &lt; b\) </td>
<td> \(a\) is less than \(b \)</td>
</tr>
<tr>
<td> \(a ≤ b\) </td>
<td> \(a\) is less than or equal to \(b\) </td>
</tr>
<tr>
<td> \(a &gt; b\) </td>
<td> \(a\) is greater than \(b\) </td>
</tr>
<tr>
<td> \(a ≥ b\) </td>
<td>\(a\) is greater than or equal to \(b\)</td>
</tr>
</tbody>
</table><br/><br/><p>Let’s look at some specific examples:</p>",Alg1_1_1_3_AR_2,A1.2.C,15afa70a-a5cd-512d-9586-6fb3aaa71e0c
99b8f126-6dd7-4fd5-b104-22cb56ea8c62,d81cda25-c5fa-4d8e-8c2f-6043b2b8edff.html,AR_2,1,open_ended,"<br/><ol class=""os-raise-noindent"" start=""2"">
<li>\( 12 &gt; 27 ÷ 3 \)<br>
</br></li>
</ol><br/><p>Enter your answer here:</p>","<p>Compare your answer:</p>
<p>12 is greater than 27 divided by 3</p>",,,,,,,,,,,,,,"<br/><p>One way to represent a <span class=""os-raise-ib-tooltip"" data-schema-version=""1.0"" data-store=""glossary-tooltip"">constraint</span> is to use an inequality symbol. For example, you may decide that at most 3 toppings should be on each pizza. This could be represented by t &lt; 3, if \(t\) represents the number of toppings. <br/>
  On the number line, the numbers get larger as they go from left to right. The number line can be used to explain the symbols “\( &lt; \)” and “\( &gt; \).”</p><p>\( a &lt; b \) is read “\( a \) is less than \( b \).”  \( a \) is to the left of \( b \) on the number line. <img alt=""No Alt Text"" data-media-type=""image/jpeg"" src=""https://k12.openstax.org/contents/raise/resources/8564b2c4dcdb8fb0cd11c3f6d9d9c093ea4bde22""/></p><p> \( a &gt; b \) is read “\( a \) is greater than \( b \).”  \( a \) is to the right of \( b \) on the number line.<img alt=""No Alt Text"" data-media-type=""image/jpeg"" src=""https://k12.openstax.org/contents/raise/resources/91008c89e93d49d5c5739cc75af6a6d9a14bbf87""/></p><p> The expressions \( a &lt; b \) or \( a &gt; b \) can be read from left to right or right to left, though in English we usually read from left to right. </p><ul>
<li>For example, \(7 &lt; 11\) is equivalent to \(11 &gt; 7\).</li>
</ul><ul>
<li> For example, \(17 &gt; 4\) is equivalent to \(4 &lt; 17\).<br/>
</li>
</ul><br/><table class=""os-raise-midsizetable"">
<thead>
<tr>
<th scope=""col""> Inequality Symbols </th>
<th scope=""col""> Words </th>
</tr>
</thead>
<tbody>
<tr>
<td> \( a ≠ b \)<br/></td>
<td> \(a\) is not equal to \(b\)</td>
</tr>
<tr>
<td> \(a &lt; b\) </td>
<td> \(a\) is less than \(b \)</td>
</tr>
<tr>
<td> \(a ≤ b\) </td>
<td> \(a\) is less than or equal to \(b\) </td>
</tr>
<tr>
<td> \(a &gt; b\) </td>
<td> \(a\) is greater than \(b\) </td>
</tr>
<tr>
<td> \(a ≥ b\) </td>
<td>\(a\) is greater than or equal to \(b\)</td>
</tr>
</tbody>
</table><br/><br/><p>Let’s look at some specific examples:</p>",Alg1_1_1_3_AR_2,A1.2.C,15afa70a-a5cd-512d-9586-6fb3aaa71e0c
135dd5a2-e563-45c8-bf31-29521288e5ce,d81cda25-c5fa-4d8e-8c2f-6043b2b8edff.html,AR_2,2,open_ended,"<br/><ol class=""os-raise-noindent"" start=""3"">
<li>\( y + 7 &lt; 19 \)<br>
</br></li>
</ol><br/><p>Enter your answer here:</p>","<p>Compare your answer:</p>
<p><em>y</em> plus 7 is less than 19</p>",,,,,,,,,,,,,,"<br/><p>One way to represent a <span class=""os-raise-ib-tooltip"" data-schema-version=""1.0"" data-store=""glossary-tooltip"">constraint</span> is to use an inequality symbol. For example, you may decide that at most 3 toppings should be on each pizza. This could be represented by t &lt; 3, if \(t\) represents the number of toppings. <br/>
  On the number line, the numbers get larger as they go from left to right. The number line can be used to explain the symbols “\( &lt; \)” and “\( &gt; \).”</p><p>\( a &lt; b \) is read “\( a \) is less than \( b \).”  \( a \) is to the left of \( b \) on the number line. <img alt=""No Alt Text"" data-media-type=""image/jpeg"" src=""https://k12.openstax.org/contents/raise/resources/8564b2c4dcdb8fb0cd11c3f6d9d9c093ea4bde22""/></p><p> \( a &gt; b \) is read “\( a \) is greater than \( b \).”  \( a \) is to the right of \( b \) on the number line.<img alt=""No Alt Text"" data-media-type=""image/jpeg"" src=""https://k12.openstax.org/contents/raise/resources/91008c89e93d49d5c5739cc75af6a6d9a14bbf87""/></p><p> The expressions \( a &lt; b \) or \( a &gt; b \) can be read from left to right or right to left, though in English we usually read from left to right. </p><ul>
<li>For example, \(7 &lt; 11\) is equivalent to \(11 &gt; 7\).</li>
</ul><ul>
<li> For example, \(17 &gt; 4\) is equivalent to \(4 &lt; 17\).<br/>
</li>
</ul><br/><table class=""os-raise-midsizetable"">
<thead>
<tr>
<th scope=""col""> Inequality Symbols </th>
<th scope=""col""> Words </th>
</tr>
</thead>
<tbody>
<tr>
<td> \( a ≠ b \)<br/></td>
<td> \(a\) is not equal to \(b\)</td>
</tr>
<tr>
<td> \(a &lt; b\) </td>
<td> \(a\) is less than \(b \)</td>
</tr>
<tr>
<td> \(a ≤ b\) </td>
<td> \(a\) is less than or equal to \(b\) </td>
</tr>
<tr>
<td> \(a &gt; b\) </td>
<td> \(a\) is greater than \(b\) </td>
</tr>
<tr>
<td> \(a ≥ b\) </td>
<td>\(a\) is greater than or equal to \(b\)</td>
</tr>
</tbody>
</table><br/><br/><p>Let’s look at some specific examples:</p>",Alg1_1_1_3_AR_2,A1.2.C,15afa70a-a5cd-512d-9586-6fb3aaa71e0c
087e4d66-ac8f-49f6-881d-c7495cc046c5,d81cda25-c5fa-4d8e-8c2f-6043b2b8edff.html,AR_3,0,open_ended,"<br/><ol class=""os-raise-noindent"" start=""1"">
<li>\( 14 ≤ 27 \)<br>
</br></li>
</ol><br/><p>Enter your answer here:</p>","<p>Compare your answer:</p>
<p>14 is less than or equal to 27</p>",,,,,,,,,,,,,,<br/><p>Translate the following statements into English phrases.</p>,Alg1_1_1_3_AR_3,A1.2.C,15afa70a-a5cd-512d-9586-6fb3aaa71e0c
3c1c7cb8-8b4c-4366-8cbf-d3ba753a9340,d81cda25-c5fa-4d8e-8c2f-6043b2b8edff.html,AR_3,1,open_ended,"<br/><ol class=""os-raise-noindent"" start=""2"">
<li>\( 12 &gt; 4 ÷ 2 \)<br>
</br></li>
</ol><br/><p>Enter your answer here:</p>","<p>Compare your answer:</p>
<p>12 is greater than 4 divided by 2</p>",,,,,,,,,,,,,,<br/><p>Translate the following statements into English phrases.</p>,Alg1_1_1_3_AR_3,A1.2.C,15afa70a-a5cd-512d-9586-6fb3aaa71e0c
98f09ae1-574f-430a-a80f-a838c65e0701,d81cda25-c5fa-4d8e-8c2f-6043b2b8edff.html,AR_3,2,open_ended,"<br/><ol class=""os-raise-noindent"" start=""3"">
<li>\( x − 7 &lt; 1 \)<br>
</br></li>
</ol><br/><p>Enter your answer here:</p>","<p>Compare your answer:</p>
<p>x minus 7 is less than 1</p>",,,,,,,,,,,,,,<br/><p>Translate the following statements into English phrases.</p>,Alg1_1_1_3_AR_3,A1.2.C,15afa70a-a5cd-512d-9586-6fb3aaa71e0c
