data_content_id,filename,multi_step_id,block_index,rex_type,question_content,detailed_solution,Answer_A,Answer_B,Answer_C,Answer_D,Answer_E,Answer_F,Feedback_A,Feedback_B,Feedback_C,Feedback_D,Feedback_E,Feedback_F,correct_answer,background,nickname,TEKS,machine_readable_teks,Section_UUID
68d582ad-5006-49bb-b077-7504b9f0fa07,5e259f34-88a4-4859-bcd5-88eb1376fa44.html,CD_1,0,open_ended,"<br/><ol class=""os-raise-noindent"" start=""1"">
<li>Identify and describe at least one letter that you will use to represent the cost of something you need to buy for the party. </li>
</ol><br/><p>Enter your answer here:</p>","<p>Compare your answer:</p>
<p>Your answer may vary, but here are some samples:</p>
<ul>
<li>\(t\) = number of different toppings one student selects</li>
<li>\(s\) = number of different scoops of ice cream one student requests</li>
<li> \(n\) = total number of ninth grade students at party </li>
<li>\(p\) = cost of paper products like napkins, bowls, and spoons</li>
</ul>",,,,,,,,,,,,,,"<h4>Cool Down Activity</h4><p>At the end of the school year, all students in the ninth grade are invited to an ice cream party. Use the skills you learned from planning a pizza party to answer the following:</p>",Alg1_1_1_4_CD_1,A1.2.C,15afa70a-a5cd-512d-9586-6fb3aaa71e0c,cb92495e-810a-4f69-af9f-ea431b0df951
4c263f0b-9ef1-45fd-9eb4-a5fb4ff0549d,5e259f34-88a4-4859-bcd5-88eb1376fa44.html,CD_1,1,open_ended,"<br/><ol class=""os-raise-noindent"" start=""2"">
<li>Write an expression that could represent an estimated cost for the party using that letter. Note, you may use other letters, too, if needed. </li>
</ol><br/><p>Enter your answer here:</p>","<p>Compare your answer:</p>
<p>Your answer may vary, but here are some samples:</p>
<ul>
<li>\((0.75s + 1.5t)n =\) total cost</li>
<li>\(4.00n + 15 =\) total cost</li>
<li>\(1.50n+0.08(1.50n) =\) total cost</li>
<li>\(\frac{125}{6} \cdot 5 + 6(3) + p =\) total cost</li>
</ul>",,,,,,,,,,,,,,"<h4>Cool Down Activity</h4><p>At the end of the school year, all students in the ninth grade are invited to an ice cream party. Use the skills you learned from planning a pizza party to answer the following:</p>",Alg1_1_1_4_CD_1,A1.2.C,15afa70a-a5cd-512d-9586-6fb3aaa71e0c,cb92495e-810a-4f69-af9f-ea431b0df951
3632effb-801b-42da-a558-42735477126e,5e259f34-88a4-4859-bcd5-88eb1376fa44.html,CD_1,2,open_ended,"<br/><ol class=""os-raise-noindent"" start=""3"">
<li>Describe your expression in words. </li>
</ol><br/><p>Enter your answer here:</p>","<p>Compare your answer:</p>
<p>Your answer may vary, but here are some samples:</p>
<ul>
<li>Each scoop of ice cream costs $0.75 and the cost of each topping is $1.50 which sum to the cost of one bowl of ice cream. Now we multiply the cost of one bowl of ice cream by the number of students in the class. </li>
<li>A flat cost of $4 per bowl of ice cream for each student plus a charge of $15 for the bowls, spoons, and napkins.</li>
<li>There are \(n\) students in the ninth grade. A packaged ice cream cone is about $1.50, and tax is about 8%.</li>
<li>There are 125 students in the ninth grade. Suppose a tub of ice cream costs $5 and is enough for 6 students. A pack of 24 cones costs about $3, and 6 packs are needed. A pack of 150 paper napkins costs \(p\) dollars.</li>
</ul>",,,,,,,,,,,,,,"<h4>Cool Down Activity</h4><p>At the end of the school year, all students in the ninth grade are invited to an ice cream party. Use the skills you learned from planning a pizza party to answer the following:</p>",Alg1_1_1_4_CD_1,A1.2.C,15afa70a-a5cd-512d-9586-6fb3aaa71e0c,cb92495e-810a-4f69-af9f-ea431b0df951
e18b95f4-4c0d-4d57-aed3-d4d9ef25cf0e,5e259f34-88a4-4859-bcd5-88eb1376fa44.html,CD_1,3,open_ended,"<br/><ol class=""os-raise-noindent"" start=""4"">
<li>Using the letter you identified in question 1, describe the values that would be reasonable for the quantity that the letter represents. </li>
</ol><br/><p>Enter your answer here:</p>","<p>Compare your answer:</p>
<p>Your answer may vary, but here are some samples:</p>
<ul>
<li>You may choose to limit each student to selecting at most five toppings, \(t\), per bowl of ice cream. Or, \(t \leq 5\).</li>
<li>The number of scoops of ice cream, \(s\), provided to each student should not exceed three. Or, \(s \leq 3\)</li>
<li>The number of students, \(n\), at the ninth grade party will probably be less than 730. Or,\( n \lt 730\). </li>
<li>A whole number between 90 and 100 is a reasonable value for the number of students in ninth grade, or 90 \(\leq n \geq 100\).</li>
<li>A number less than $4 but more than $1 is reasonable for the cost of a pack of paper napkins, or \(1 \lt n \lt\) 4.</li>
</ul>",,,,,,,,,,,,,,"<h4>Cool Down Activity</h4><p>At the end of the school year, all students in the ninth grade are invited to an ice cream party. Use the skills you learned from planning a pizza party to answer the following:</p>",Alg1_1_1_4_CD_1,A1.2.C,15afa70a-a5cd-512d-9586-6fb3aaa71e0c,cb92495e-810a-4f69-af9f-ea431b0df951